Transaction Hash,Status,Method,BlockNo,DateTime (UTC),From,From_Nametag,To,To_Nametag,Amount,Value (USD),Token
"0xb118a285ba90bc544743581036479a326f7bd51f4e11cce0c0c3bf754b6507ba","Success","0xca350aa6","22784970","2025-06-26 00:15:11","0xA9D1e08C7793af67e9d92fe308d5697FB81d3E43","Coinbase 10","0x3073f7aAA4DB83f95e9FFf17424F71D4751a3073","Movement: MOVE Token","698.93044507","$123.86","Movement (MOVE)"
"0xc4e8416ab166ae4934a53ded4e5193d2458008e9f4fcd809723a1090ef788513","Success","Execute","22561010","2025-05-25 16:25:11","0x5335adb84DBFDAD0A1fE8CAfCA00598386bdcEF2","Uniswap V2: PACHAT","0x3073f7aAA4DB83f95e9FFf17424F71D4751a3073","Movement: MOVE Token","11,452,243,970","$0.00","<img src='/images/main/empty-token.png' width='18' height='18' class='rounded-circle'>ERC-20: Pac...rie"
"0x5169e47ce219a16f4d93b5d92e9c2618c0076fb9f0112b64221c17df62b4b509","Success","0xca350aa6","22493610","2025-05-16 05:38:11","0xA9D1e08C7793af67e9d92fe308d5697FB81d3E43","Coinbase 10","0x3073f7aAA4DB83f95e9FFf17424F71D4751a3073","Movement: MOVE Token","56.16710339","$9.95","Movement (MOVE)"
"0xca61fb23885c555774d8a7f9ede02fc4425bae907f976c1e8901a7918a15a6de","Success","Transfer","22431536","2025-05-07 11:41:47","0xf89d7b9c864f589bbF53a82105107622B35EaA40","Bybit: Hot Wallet","0x3073f7aAA4DB83f95e9FFf17424F71D4751a3073","Movement: MOVE Token","35.72280045","$6.33","Movement (MOVE)"
"0xe63ebe1062f9123e7da4d2302487258846a8ba2be3f8b037083c36ef3783fd08","Success","Transfer","22344345","2025-04-25 06:48:35","0x878fda563321028Da5E3D1545Be53De558825316","","0x3073f7aAA4DB83f95e9FFf17424F71D4751a3073","Movement: MOVE Token","6","$1.06","Movement (MOVE)"
"0xabfddd65e933a45ae8e45d73d192c91b0b07d8aa2287e61df3ac291864114002","Success","Batch Transfer","22315216","2025-04-21 05:14:47","0x3073f7aAA4DB83f95e9FFf17424F71D4751a3073","Movement: MOVE Token","0x38f6d5fb32f970Fe60924B282704899411126336","","16,181,308,666,142","$0.00","ERC-20"
"0x162254d26c1cb2a404696b6de4e313f5e185c05428c1e0ceeff733bad5c8cf55","Success","Transfer","22308975","2025-04-20 08:19:11","0x1AB4973a48dc892Cd9971ECE8e01DcC7688f8F23","Bitget 6","0x3073f7aAA4DB83f95e9FFf17424F71D4751a3073","Movement: MOVE Token","17.23114649","$3.05","Movement (MOVE)"
"0x78537dc9503695347066890d4de35b0442c51b55b912eea30030adabf2d36e7b","Success","Claim Token","22278095","2025-04-16 00:53:59","0x28ecfE5EeBCD1659974DA853ed039fe66015Dd60","","0x3073f7aAA4DB83f95e9FFf17424F71D4751a3073","Movement: MOVE Token","0.00001","$0.00","Tether USD (USDT)"
"0x09a568522f9153140da24d493d3b9bc7f9fcbd0184e37907fdb2732e87bbb8c9","Success","Claim Token","22261409","2025-04-13 17:00:47","0x15CecAD0cEe19d65C5b789f36c9A80a6Df37a010","","0x3073f7aAA4DB83f95e9FFf17424F71D4751a3073","Movement: MOVE Token","0.000001","$0.00","Tether USD (USDT)"
"0xfaf83c2265d91fb994ff6f3a74b240143d8e5bf69eb7798ce5a47ae2725ae3e2","Success","Batch Transfer","22257700","2025-04-13 04:36:11","0x9B48701BA4fE346A5B6E497b8de8bfcc16D05999","","0x3073f7aAA4DB83f95e9FFf17424F71D4751a3073","Movement: MOVE Token","1","$0.00","<img src='/images/main/empty-token.png' width='18' height='18' class='rounded-circle'>ERC-20: AI Coin"
"0x5537b2c4f3109c93a667a3d1641213bbed3819803d0f15b08a5d53597e1c4c03","Success","Batch Transfer","22257477","2025-04-13 03:51:35","0x9B48701BA4fE346A5B6E497b8de8bfcc16D05999","","0x3073f7aAA4DB83f95e9FFf17424F71D4751a3073","Movement: MOVE Token","1","$0.00","<img src='/images/main/empty-token.png' width='18' height='18' class='rounded-circle'>ERC-20: AI Coin"
"0x64b399b793f271ae964fc0c0fa26eeb70840840d233efc2e369c5ae4675ac701","Success","Transfer","22152690","2025-03-29 12:54:23","0xf89d7b9c864f589bbF53a82105107622B35EaA40","Bybit: Hot Wallet","0x3073f7aAA4DB83f95e9FFf17424F71D4751a3073","Movement: MOVE Token","26.454508","$4.69","Movement (MOVE)"
"0x7ff8a7dec2d6c675335c813d12726a0e109a3296aaf6b3402e4773e0e9c3262b","Success","Batch Transfer","22128178","2025-03-26 02:45:47","0x3073f7aAA4DB83f95e9FFf17424F71D4751a3073","Movement: MOVE Token","0x38f6d5fb32f970Fe60924B282704899411126336","","5,000,000,000,000","$0.00","ERC-20"
"0x8debca8b1be821e52f4c86dcf0be3c726cc3f08158449329e3066e7aa5947134","Success","Batch Transfer","22056180","2025-03-16 01:31:59","0x3073f7aAA4DB83f95e9FFf17424F71D4751a3073","Movement: MOVE Token","0x38f6d5fb32f970Fe60924B282704899411126336","","6,000,000,000,000","$0.00","ERC-20"
"0x53e254083667155ba855c62d86d9cb96c1614689e107eb675b74c4c987ed7d35","Success","Execute","22031483","2025-03-12 14:48:11","0xf70FdF0B14D8D9b4bAc7FF549f0CABC987c1e01c","Uniswap V2: BABYUNO 2","0x3073f7aAA4DB83f95e9FFf17424F71D4751a3073","Movement: MOVE Token","47,989,365.15650365","$0.00","<img src='/images/main/empty-token.png' width='18' height='18' class='rounded-circle'>ERC-20: Bab...Uno"
"0xd7526f24e736fe5ae6b832759714edf40c65ba91aa28b5e1309195b79df0e792","Success","Transfer","21922430","2025-02-25 09:25:11","0xf89d7b9c864f589bbF53a82105107622B35EaA40","Bybit: Hot Wallet","0x3073f7aAA4DB83f95e9FFf17424F71D4751a3073","Movement: MOVE Token","611.11557278","$108.30","Movement (MOVE)"
"0x087b440103a72224dfe91a1d3e3a499098637e8b29226e6927cd69a88f07f631","Success","Batch Transfer","21735455","2025-01-30 06:06:59","0x3073f7aAA4DB83f95e9FFf17424F71D4751a3073","Movement: MOVE Token","0x38f6d5fb32f970Fe60924B282704899411126336","","4,500,000,000,000","$0.00","ERC-20"
"0xf722415efa72fa5bfa7c11ae1359b5c1e0cef32362d2c771c68222ece4cbaa74","Success","Execute","21729642","2025-01-29 10:38:59","0x2e475e42C13D5aC5F620747850Cc6aBb03375B81","Uniswap V2: XMEME 8","0x3073f7aAA4DB83f95e9FFf17424F71D4751a3073","Movement: MOVE Token","26,852,785,687","$0.00","<img src='/images/main/empty-token.png' width='18' height='18' class='rounded-circle'>ERC-20: X MEME"
"0x671af17d785cceca835c9ea86e4b7d887e95de9b6275b03705b381f67a95ada2","Success","Transfer","21705044","2025-01-26 00:15:35","0xB8001C3eC9AA1985f6c747E25c28324E4A361ec1","Cobo: Custody 1","0x3073f7aAA4DB83f95e9FFf17424F71D4751a3073","Movement: MOVE Token","43","$42.99","USDC (USDC)"
"0x2688de79fa65ba4c281c0917604597bc45395f7b671c2c405527bb974910b13c","Success","Batch Transfer","21652404","2025-01-18 15:55:11","0x3073f7aAA4DB83f95e9FFf17424F71D4751a3073","Movement: MOVE Token","0x38f6d5fb32f970Fe60924B282704899411126336","","3,500,000,000,000","$0.00","ERC-20"
"0x83e2aa9de0bfaa510d08d6ec260d28f569009a28f985c6149188fe2e94c3e6c7","Success","0xca350aa6","21648739","2025-01-18 03:39:11","0xA9D1e08C7793af67e9d92fe308d5697FB81d3E43","Coinbase 10","0x3073f7aAA4DB83f95e9FFf17424F71D4751a3073","Movement: MOVE Token","2.74174479","$0.49","Movement (MOVE)"
"0xd6dc702ce7c7a2f87e1541a0d6adedfe2cfdae499f784e42daf3ae707e1f18f9","Success","Batch Transfer","21577152","2025-01-08 03:45:11","0x3073f7aAA4DB83f95e9FFf17424F71D4751a3073","Movement: MOVE Token","0x38f6d5fb32f970Fe60924B282704899411126336","","2,500,000,000,000","$0.00","ERC-20"
"0x332976ab41418583d2b8a5d7627b7c89908a74bf199fc3be73565f9ab7dd8b9c","Success","Batch Transfer","21494601","2024-12-27 15:09:59","0x3073f7aAA4DB83f95e9FFf17424F71D4751a3073","Movement: MOVE Token","0x38f6d5fb32f970Fe60924B282704899411126336","","2,800,000,000,000","$0.00","ERC-20"
"0x33126078e12672e74fe8cf9ba37893bfc8591cc2fe23ed74b76790366769670f","Success","Batch Transfer","21458447","2024-12-22 13:50:59","0x3073f7aAA4DB83f95e9FFf17424F71D4751a3073","Movement: MOVE Token","0x38f6d5fb32f970Fe60924B282704899411126336","","5,000,000,000,000","$0.00","ERC-20"
"0x204e7e98b407b14f52b7820c5c0422d87833d1fc3444e8d87af3de949c4ba760","Success","Batch Transfer","21451256","2024-12-21 13:43:23","0x3073f7aAA4DB83f95e9FFf17424F71D4751a3073","Movement: MOVE Token","0x38f6d5fb32f970Fe60924B282704899411126336","","8,200,000,000,000","$0.00","ERC-20"